id,stationName,totalDocks,latitude,longitude,stAddress1
72,W 52 St & 11 Ave,39,40.76727216,-73.99392888,W 52 St & 11 Ave
79,Franklin St & W Broadway,33,40.71911552,-74.00666661,Franklin St & W Broadway
82,St James Pl & Pearl St,27,40.71117416,-74.00016545,St James Pl & Pearl St
83,Atlantic Ave & Fort Greene Pl,62,40.68382604,-73.97632328,Atlantic Ave & Fort Greene Pl
116,W 17 St & 8 Ave,39,40.74177603,-74.00149746,W 17 St & 8 Ave
119,Park Ave & St Edwards St,19,40.69608941,-73.97803415,Park Ave & St Edwards St
120,Lexington Ave & Classon Ave,19,40.68676793,-73.95928168,Lexington Ave & Classon Ave
127,Barrow St & Hudson St,31,40.73172428,-74.00674436,Barrow St & Hudson St
128,MacDougal St & Prince St,30,40.72710258,-74.00297088,MacDougal St & Prince St
137,E 56 St & Madison Ave,46,40.761628,-73.972924,E 56 St & Madison Ave
143,Clinton St & Joralemon St,24,40.69239502,-73.99337909,Clinton St & Joralemon St
144,Nassau St & Navy St,19,40.69839895,-73.98068914,Nassau St & Navy St
146,Hudson St & Reade St,39,40.71625008,-74.0091059,Hudson St & Reade St
147,Greenwich St & Warren St,33,40.71542197,-74.01121978,Greenwich St & Warren St
150,E 2 St & Avenue C,31,40.7208736,-73.98085795,E 2 St & Avenue C
151,Cleveland Pl & Spring St,33,40.722103786686034,-73.99724900722504,Cleveland Pl & Spring St
152,Warren St & Church St,29,40.71473993,-74.00910627,Warren St & Church St
153,E 40 St & 5 Ave,55,40.752062307,-73.9816324043,E 40 St & 5 Ave
157,Henry St & Atlantic Ave,23,40.69089272,-73.99612349,Henry St & Atlantic Ave
161,LaGuardia Pl & W 3 St,35,40.72917025,-73.99810231,LaGuardia Pl & W 3 St
164,E 47 St & 2 Ave,47,40.75323098,-73.97032517,E 47 St & 2 Ave
167,E 39 St & 3 Ave,45,40.7489006,-73.97604882,E 39 St & 3 Ave
168,W 18 St & 6 Ave,47,40.73971301,-73.99456405,W 18 St & 6 Ave
173,Broadway & W 49 St,51,40.76068327096592,-73.9845272898674,Broadway & W 49 St
174,E 25 St & 1 Ave,30,40.7381765,-73.97738662,E 25 St & 1 Ave
195,Liberty St & Broadway,45,40.70905623,-74.01043382,Liberty St & Broadway
212,W 16 St & The High Line,28,40.74334935,-74.00681753,W 16 St & The High Line
216,Columbia Heights & Cranberry St,23,40.70037867,-73.99548059,Columbia Heights & Cranberry St
217,Old Fulton St,39,40.70277159,-73.99383605,Old Fulton St
223,W 13 St & 7 Ave,33,40.73781509,-73.99994661,W 13 St & 7 Ave
224,Spruce St & Nassau St,31,40.71146364,-74.00552427,Spruce St & Nassau St
225,W 14 St & The High Line,37,40.74195138,-74.00803013,W 14 St & The High Line
228,E 48 St & 3 Ave,55,40.7546011026,-73.971878855,E 48 St & 3 Ave
229,Great Jones St,23,40.72743423,-73.99379025,Great Jones St
232,Cadman Plaza E & Tillary St,23,40.69597683,-73.99014892,Cadman Plaza E & Tillary St
233,Cadman Plaza W & Pierrepont St,38,40.69475701363877,-73.99052739143372,Cadman Plaza W & Pierrepont St
236,St Marks Pl & 2 Ave,39,40.7284186,-73.98713956,St Marks Pl & 2 Ave
237,E 11 St & 2 Ave,39,40.73047309,-73.98672378,E 11 St & 2 Ave
238,Bank St & Washington St,31,40.7361967,-74.00859207,Bank St & Washington St
239,Willoughby St & Fleet St,31,40.69196566,-73.9813018,Willoughby St & Fleet St
241,DeKalb Ave & S Portland Ave,23,40.68981035,-73.97493121,DeKalb Ave & S Portland Ave
242,Carlton Ave & Flushing Ave,23,40.697787,-73.973736,Carlton Ave & Flushing Ave
243,Fulton St & Rockwell Pl,31,40.688226,-73.979382,Fulton St & Rockwell Pl
244,Willoughby Ave & Hall St,31,40.69196035,-73.96536851,Willoughby Ave & Hall St
245,Myrtle Ave & St Edwards St,23,40.69327018,-73.97703874,Myrtle Ave & St Edwards St
247,Perry St & Bleecker St,20,40.73535398,-74.00483091,Perry St & Bleecker St
248,Laight St & Hudson St,23,40.72185379,-74.00771779,Laight St & Hudson St
249,Harrison St & Hudson St,27,40.71870987,-74.0090009,Harrison St & Hudson St
250,Lafayette St & Jersey St,40,40.72456089,-73.99565293,Lafayette St & Jersey St
251,Mott St & Prince St,27,40.72317958,-73.99480012,Mott St & Prince St
252,MacDougal St & Washington Sq,33,40.73226398,-73.99852205,MacDougal St & Washington Sq
253,W 13 St & 5 Ave,55,40.73543934,-73.99453948,W 13 St & 5 Ave
254,W 11 St & 6 Ave,31,40.73532427,-73.99800419,W 11 St & 6 Ave
257,Lispenard St & Broadway,39,40.71939226,-74.00247214,Lispenard St & Broadway
258,DeKalb Ave & Vanderbilt Ave,23,40.68940747,-73.96885458,DeKalb Ave & Vanderbilt Ave
259,South St & Whitehall St,39,40.70122128,-74.01234218,South St & Whitehall St
260,Broad St & Bridge St,35,40.70365182,-74.01167797,Broad St & Bridge St
261,Johnson St & Gold St,27,40.69474881,-73.98362464,Johnson St & Gold St
262,Washington Park,24,40.6917823,-73.9737299,Washington Park
263,Elizabeth St & Hester St,31,40.71729,-73.996375,Elizabeth St & Hester St
264,Maiden Ln & Pearl St,27,40.70706456,-74.00731853,Maiden Ln & Pearl St
265,Stanton St & Chrystie St,35,40.72229346,-73.99147535,Stanton St & Chrystie St
266,Avenue D & E 8 St,24,40.72368361,-73.97574813,Avenue D & E 8 St
267,Broadway & W 36 St,57,40.75097711,-73.98765428,Broadway & W 36 St
268,Howard St & Centre St,27,40.71910537,-73.99973337,Howard St & Centre St
270,Adelphi St & Myrtle Ave,23,40.69308257,-73.97178913,Adelphi St & Myrtle Ave
274,Lafayette Ave & Fort Greene Pl,31,40.68691865,-73.976682,Lafayette Ave & Fort Greene Pl
275,Washington Ave & Greene Ave,19,40.68650065,-73.96563307,Washington Ave & Greene Ave
276,Duane St & Greenwich St,25,40.71748752,-74.0104554,Duane St & Greenwich St
278,Concord St & Bridge St,19,40.69766564,-73.98476437,Concord St & Bridge St
279,Peck Slip & Front St,36,40.707873,-74.00167,Peck Slip & Front St
280,E 10 St & 5 Ave,31,40.73331967,-73.99510132,E 10 St & 5 Ave
281,Grand Army Plaza & Central Park S,59,40.7643971,-73.97371465,Grand Army Plaza & Central Park S
282,Kent Ave & S 11 St,27,40.70827295,-73.96834101,Kent Ave & S 11 St
284,Greenwich Ave & 8 Ave,43,40.7390169121,-74.0026376103,Greenwich Ave & 8 Ave
285,Broadway & E 14 St,47,40.73454567,-73.99074142,Broadway & E 14 St
289,Monroe St & Classon Ave,19,40.6845683,-73.95881081,Monroe St & Classon Ave
291,Madison St & Montgomery St,20,40.713126,-73.984844,Madison St & Montgomery St
293,Lafayette St & E 8 St,55,40.73028666,-73.9907647,Lafayette St & E 8 St
295,Pike St & E Broadway,24,40.71406667,-73.99293911,Pike St & E Broadway
296,Division St & Bowery,35,40.71413089,-73.9970468,Division St & Bowery
297,E 15 St & 3 Ave,27,40.734232,-73.986923,E 15 St & 3 Ave
298,3 Ave & Schermerhorn St,35,40.68683208,-73.9796772,3 Ave & Schermerhorn St
300,Shevchenko Pl & E 7 St,55,40.728145,-73.990214,Shevchenko Pl & E 7 St
301,E 2 St & Avenue B,37,40.72217444,-73.98368779,E 2 St & Avenue B
302,Avenue D & E 3 St,23,40.72082834,-73.97793172,Avenue D & E 3 St
303,Mercer St & Spring St,31,40.72362738,-73.99949601,Mercer St & Spring St
304,Broadway & Battery Pl,36,40.70463334,-74.01361706,Broadway & Battery Pl
305,E 58 St & 3 Ave,33,40.76095756,-73.96724467,E 58 St & 3 Ave
306,Cliff St & Fulton St,25,40.70823502,-74.00530063,Cliff St & Fulton St
307,Canal St & Rutgers St,29,40.71427487,-73.98990025,Canal St & Rutgers St
308,St James Pl & Oliver St,27,40.71307916,-73.99851193,St James Pl & Oliver St
309,Murray St & West St,41,40.7149787,-74.013012,Murray St & West St
310,State St & Smith St,36,40.68926942,-73.98912867,State St & Smith St
311,Norfolk St & Broome St,31,40.7172274,-73.98802084,Norfolk St & Broome St
312,Allen St & Stanton St,0,40.722055,-73.989111,Allen St & Stanton St
313,Washington Ave & Park Ave,23,40.69610226,-73.96751037,Washington Ave & Park Ave
315,South St & Gouverneur Ln,29,40.70355377,-74.00670227,South St & Gouverneur Ln
316,Fulton St & William St,43,40.70955958,-74.00653609,Fulton St & William St
317,E 6 St & Avenue B,27,40.72453734,-73.98185424,E 6 St & Avenue B
319,Fulton St & Broadway,33,40.711066,-74.009447,Fulton St & Broadway
320,Leonard St & Church St,39,40.717571,-74.005549,Leonard St & Church St
321,Cadman Plaza E & Red Cross Pl,27,40.69991755,-73.98971773,Cadman Plaza E & Red Cross Pl
322,Clinton St & Tillary St,31,40.696192,-73.991218,Clinton St & Tillary St
323,Lawrence St & Willoughby St,39,40.69236178,-73.98631746,Lawrence St & Willoughby St
324,DeKalb Ave & Hudson Ave,51,40.689888,-73.981013,DeKalb Ave & Hudson Ave
325,E 19 St & 3 Ave,35,40.73624527,-73.98473765,E 19 St & 3 Ave
326,E 11 St & 1 Ave,27,40.72953837,-73.98426726,E 11 St & 1 Ave
327,Vesey Pl & River Terrace,39,40.7153379,-74.01658354,Vesey Pl & River Terrace
328,Watts St & Greenwich St,23,40.72405549,-74.00965965,Watts St & Greenwich St
329,Greenwich St & N Moore St,31,40.72043411,-74.01020609,Greenwich St & N Moore St
330,Reade St & Broadway,39,40.71450451,-74.00562789,Reade St & Broadway
331,Pike St & Monroe St,27,40.71173107,-73.99193043,Pike St & Monroe St
332,Cherry St,24,40.71219906,-73.97948148,Cherry St
334,W 20 St & 7 Ave,31,40.74238787,-73.99726235,W 20 St & 7 Ave
335,Washington Pl & Broadway,27,40.72903917,-73.99404649,Washington Pl & Broadway
336,Sullivan St & Washington Sq,36,40.73047747,-73.99906065,Sullivan St & Washington Sq
337,Old Slip & Front St,37,40.7037992,-74.00838676,Old Slip & Front St
339,Avenue D & E 12 St,24,40.72580614,-73.97422494,Avenue D & E 12 St
340,Madison St & Clinton St,27,40.71269042,-73.98776323,Madison St & Clinton St
341,Stanton St & Mangin St,19,40.71782143,-73.97628939,Stanton St & Mangin St
342,Columbia St & Rivington St,29,40.71739973,-73.98016555,Columbia St & Rivington St
343,Clinton Ave & Flushing Ave,23,40.69794,-73.96986848,Clinton Ave & Flushing Ave
344,Monroe St & Bedford Ave,23,40.6851443,-73.95380904,Monroe St & Bedford Ave
345,W 13 St & 6 Ave,35,40.73649403,-73.99704374,W 13 St & 6 Ave
346,Bank St & Hudson St,27,40.73652889,-74.00618026,Bank St & Hudson St
347,Greenwich St & W Houston St,35,40.728846,-74.008591,Greenwich St & W Houston St
348,W Broadway & Spring St,42,40.72490985,-74.00154702,W Broadway & Spring St
349,Rivington St & Ridge St,23,40.71850211,-73.98329859,Rivington St & Ridge St
350,Clinton St & Grand St,28,40.71559509,-73.9870295,Clinton St & Grand St
351,Front St & Maiden Ln,39,40.70530954,-74.00612572,Front St & Maiden Ln
352,W 56 St & 6 Ave,36,40.76340613,-73.97722479,W 56 St & 6 Ave
353,S Portland Ave & Hanson Pl,27,40.68539567,-73.97431458,S Portland Ave & Hanson Pl
354,Emerson Pl & Myrtle Ave,23,40.69363137,-73.96223558,Emerson Pl & Myrtle Ave
355,Bayard St & Baxter St,43,40.71602118,-73.99974372,Bayard St & Baxter St
356,Bialystoker Pl & Delancey St,23,40.71622644,-73.98261206,Bialystoker Pl & Delancey St
357,E 11 St & Broadway,27,40.73261787,-73.99158043,E 11 St & Broadway
358,Christopher St & Greenwich St,36,40.73291553,-74.00711384,Christopher St & Greenwich St
359,E 47 St & Park Ave,55,40.75510267,-73.97498696,E 47 St & Park Ave
360,William St & Pine St,39,40.70717936,-74.00887308,William St & Pine St
361,Allen St & Hester St,43,40.71605866,-73.99190759,Allen St & Hester St
362,Broadway & W 37 St,57,40.75172632,-73.98753523,Broadway & W 37 St
363,West Thames St,49,40.70834698,-74.01713445,West Thames St
364,Lafayette Ave & Classon Ave,27,40.68900443,-73.96023854,Lafayette Ave & Classon Ave
365,Fulton St & Grand Ave,31,40.68223166,-73.9614583,Fulton St & Grand Ave
366,Clinton Ave & Myrtle Ave,33,40.693261,-73.968896,Clinton Ave & Myrtle Ave
367,E 53 St & Lexington Ave,34,40.75828065,-73.97069431,E 53 St & Lexington Ave
368,Carmine St & 6 Ave,39,40.73038599,-74.00214988,Carmine St & 6 Ave
369,Washington Pl & 6 Ave,35,40.73224119,-74.00026394,Washington Pl & 6 Ave
372,Franklin Ave & Myrtle Ave,27,40.694528,-73.958089,Franklin Ave & Myrtle Ave
373,Willoughby Ave & Walworth St,19,40.69331716,-73.95381995,Willoughby Ave & Walworth St
376,John St & William St,43,40.70862144,-74.00722156,John St & William St
377,6 Ave & Canal St,47,40.72243797,-74.00566443,6 Ave & Canal St
379,W 31 St & 7 Ave,42,40.749156,-73.9916,W 31 St & 7 Ave
380,W 4 St & 7 Ave S,39,40.73401143,-74.00293877,W 4 St & 7 Ave S
382,University Pl & E 14 St,36,40.73492695,-73.99200509,University Pl & E 14 St
383,Greenwich Ave & Charles St,39,40.735238,-74.000271,Greenwich Ave & Charles St
384,Fulton St & Washington Ave,31,40.683048,-73.964915,Fulton St & Washington Ave
385,E 55 St & 2 Ave,29,40.75797322,-73.96603308,E 55 St & 2 Ave
386,Centre St & Worth St,43,40.71494807,-74.00234482,Centre St & Worth St
387,Centre St & Chambers St,39,40.71273266,-74.0046073,Centre St & Chambers St
388,W 26 St & 10 Ave,35,40.749717753,-74.002950346,W 26 St & 10 Ave
389,Broadway & Berry St,27,40.71044554,-73.96525063,Broadway & Berry St
390,Duffield St & Willoughby St,31,40.69221589,-73.9842844,Duffield St & Willoughby St
391,Clark St & Henry St,31,40.69760127,-73.99344559,Clark St & Henry St
392,Jay St & Tech Pl,32,40.695065,-73.987167,Jay St & Tech Pl
393,E 5 St & Avenue C,31,40.72299208,-73.97995466,E 5 St & Avenue C
394,E 9 St & Avenue C,32,40.72521311,-73.97768752,E 9 St & Avenue C
395,Bond St & Schermerhorn St,30,40.68807003,-73.98410637,Bond St & Schermerhorn St
396,Lefferts Pl & Franklin Ave,25,40.680342423,-73.9557689392,Lefferts Pl & Franklin Ave
397,Fulton St & Clermont Ave,27,40.68415748,-73.96922273,Fulton St & Clermont Ave
398,Atlantic Ave & Furman St,31,40.69165183,-73.9999786,Atlantic Ave & Furman St
399,Lafayette Ave & St James Pl,27,40.68851534,-73.9647628,Lafayette Ave & St James Pl
400,Pitt St & Stanton St,15,40.71926081,-73.98178024,Pitt St & Stanton St
401,Allen St & Rivington St,0,40.72019576,-73.98997825,Allen St & Rivington St
402,Broadway & E 22 St,42,40.7403432,-73.98955109,Broadway & E 22 St
403,E 2 St & 2 Ave,15,40.72502876,-73.99069656,E 2 St & 2 Ave
405,Washington St & Gansevoort St,40,40.739323,-74.008119,Washington St & Gansevoort St
406,Hicks St & Montague St,34,40.69512845,-73.99595065,Hicks St & Montague St
407,Henry St & Poplar St,37,40.700469,-73.991454,Henry St & Poplar St
408,Market St & Cherry St,23,40.71076228,-73.99400398,Market St & Cherry St
409,DeKalb Ave & Skillman St,19,40.6906495,-73.95643107,DeKalb Ave & Skillman St
410,Suffolk St & Stanton St,35,40.72066442,-73.98517977,Suffolk St & Stanton St
411,E 6 St & Avenue D,23,40.72228087,-73.97668709,E 6 St & Avenue D
412,Forsyth St & Canal St,29,40.7158155,-73.99422366,Forsyth St & Canal St
414,Pearl St & Anchorage Pl,24,40.70281858,-73.98765762,Pearl St & Anchorage Pl
415,Pearl St & Hanover Square,42,40.7047177,-74.00926027,Pearl St & Hanover Square
416,Cumberland St & Lafayette Ave,31,40.68753406,-73.97265183,Cumberland St & Lafayette Ave
417,Barclay St & Church St,23,40.71291224,-74.01020234,Barclay St & Church St
418,Front St & Gold St,23,40.70224,-73.982578,Front St & Gold St
419,Carlton Ave & Park Ave,23,40.69580705,-73.97355569,Carlton Ave & Park Ave
420,Clermont Ave & Lafayette Ave,23,40.68764484,-73.96968902,Clermont Ave & Lafayette Ave
421,Clermont Ave & Park Ave,19,40.69573398,-73.97129668,Clermont Ave & Park Ave
422,W 59 St & 10 Ave,55,40.770513,-73.988038,W 59 St & 10 Ave
423,W 54 St & 9 Ave,39,40.76584941,-73.98690506,W 54 St & 9 Ave
426,West St & Chambers St,31,40.71754834,-74.01322069,West St & Chambers St
427,Bus Slip & State St,47,40.701907,-74.013942,Bus Slip & State St
428,E 3 St & 1 Ave,31,40.72467721,-73.98783413,E 3 St & 1 Ave
430,York St & Jay St,27,40.7014851,-73.98656928,York St & Jay St
432,E 7 St & Avenue A,31,40.72621788,-73.98379855,E 7 St & Avenue A
433,E 13 St & Avenue A,39,40.72955361,-73.98057249,E 13 St & Avenue A
434,9 Ave & W 18 St,27,40.74317449,-74.00366443,9 Ave & W 18 St
435,W 21 St & 6 Ave,47,40.74173969,-73.99415556,W 21 St & 6 Ave
436,Hancock St & Bedford Ave,27,40.68216564,-73.95399026,Hancock St & Bedford Ave
437,Macon St & Nostrand Ave,24,40.6809833854,-73.9500479759,Macon St & Nostrand Ave
438,St Marks Pl & 1 Ave,27,40.72779126,-73.98564945,St Marks Pl & 1 Ave
439,E 4 St & 2 Ave,39,40.7262807,-73.98978041,E 4 St & 2 Ave
440,E 45 St & 3 Ave,32,40.75255434,-73.97282625,E 45 St & 3 Ave
441,E 52 St & 2 Ave,35,40.756014,-73.967416,E 52 St & 2 Ave
442,W 27 St & 7 Ave,0,40.746647,-73.993915,W 27 St & 7 Ave
443,Bedford Ave & S 9 St,23,40.70853074,-73.96408963,Bedford Ave & S 9 St
444,Broadway & W 24 St,52,40.7423543,-73.98915076,Broadway & W 24 St
445,E 10 St & Avenue A,42,40.72740794,-73.98142006,E 10 St & Avenue A
446,W 24 St & 7 Ave,0,40.74487634,-73.99529885,W 24 St & 7 Ave
447,8 Ave & W 52 St,31,40.76370739,-73.9851615,8 Ave & W 52 St
448,W 37 St & 10 Ave,31,40.75660359,-73.9979009,W 37 St & 10 Ave
449,W 52 St & 9 Ave,31,40.76461837,-73.98789473,W 52 St & 9 Ave
450,W 49 St & 8 Ave,59,40.76227205,-73.98788205,W 49 St & 8 Ave
453,W 22 St & 8 Ave,39,40.74475148,-73.99915362,W 22 St & 8 Ave
454,E 51 St & 1 Ave,35,40.75455731,-73.96592976,E 51 St & 1 Ave
455,1 Ave & E 44 St,39,40.75001986,-73.96905301,1 Ave & E 44 St
456,E 53 St & Madison Ave,35,40.7597108,-73.97402311,E 53 St & Madison Ave
457,Broadway & W 58 St,39,40.76695317,-73.98169333,Broadway & W 58 St
458,11 Ave & W 27 St,31,40.751396,-74.005226,11 Ave & W 27 St
459,W 20 St & 11 Ave,49,40.746745,-74.007756,W 20 St & 11 Ave
460,S 4 St & Wythe Ave,23,40.71285887,-73.96590294,S 4 St & Wythe Ave
461,E 20 St & 2 Ave,39,40.73587678,-73.98205027,E 20 St & 2 Ave
462,W 22 St & 10 Ave,47,40.74691959,-74.00451887,W 22 St & 10 Ave
463,9 Ave & W 16 St,25,40.74206539,-74.00443172,9 Ave & W 16 St
465,Broadway & W 41 St,39,40.75513557,-73.98658032,Broadway & W 41 St
466,W 25 St & 6 Ave,35,40.74395411,-73.99144871,W 25 St & 6 Ave
467,Dean St & 4 Ave,34,40.68312489,-73.97895137,Dean St & 4 Ave
468,Broadway & W 55 St,59,40.7652654,-73.98192338,Broadway & W 55 St
469,Broadway & W 53 St,57,40.76344058,-73.98268129,Broadway & W 53 St
470,W 20 St & 8 Ave,37,40.74345335,-74.00004031,W 20 St & 8 Ave
471,Grand St & Havemeyer St,31,40.71286844,-73.95698119,Grand St & Havemeyer St
472,E 32 St & Park Ave,41,40.7457121,-73.98194829,E 32 St & Park Ave
473,Rivington St & Chrystie St,38,40.72110063,-73.9919254,Rivington St & Chrystie St
474,5 Ave & E 29 St,47,40.7451677,-73.98683077,5 Ave & E 29 St
475,E 16 St & Irving Pl,37,40.73524276,-73.98758561,E 16 St & Irving Pl
476,E 31 St & 3 Ave,47,40.74394314,-73.97966069,E 31 St & 3 Ave
477,W 41 St & 8 Ave,59,40.75640548,-73.9900262,W 41 St & 8 Ave
478,11 Ave & W 41 St,31,40.76030096,-73.99884222,11 Ave & W 41 St
479,9 Ave & W 45 St,31,40.76019252,-73.9912551,9 Ave & W 45 St
480,W 53 St & 10 Ave,27,40.76669671,-73.99061728,W 53 St & 10 Ave
481,S 3 St & Bedford Ave,25,40.71260486,-73.96264403,S 3 St & Bedford Ave
482,W 15 St & 7 Ave,39,40.73935542,-73.99931783,W 15 St & 7 Ave
483,E 12 St & 3 Ave,35,40.73223272,-73.98889957,E 12 St & 3 Ave
484,W 44 St & 5 Ave,44,40.75500254,-73.98014437,W 44 St & 5 Ave
485,W 37 St & 5 Ave,39,40.75038009,-73.98338988,W 37 St & 5 Ave
486,Broadway & W 29 St,39,40.7462009,-73.98855723,Broadway & W 29 St
487,E 20 St & FDR Drive,36,40.73314259,-73.97573881,E 20 St & FDR Drive
488,W 39 St & 9 Ave,41,40.75645824,-73.99372222,W 39 St & 9 Ave
490,8 Ave & W 33 St,59,40.751551,-73.993934,8 Ave & W 33 St
491,E 24 St & Park Ave S,53,40.74096374,-73.98602213,E 24 St & Park Ave S
492,W 33 St & 7 Ave,49,40.75019995,-73.99093085,W 33 St & 7 Ave
493,W 45 St & 6 Ave,34,40.7568001,-73.98291153,W 45 St & 6 Ave
494,W 26 St & 8 Ave,35,40.74734825,-73.99723551,W 26 St & 8 Ave
495,W 47 St & 10 Ave,25,40.76269882,-73.99301222,W 47 St & 10 Ave
496,E 16 St & 5 Ave,47,40.73726186,-73.99238967,E 16 St & 5 Ave
497,E 17 St & Broadway,59,40.73704984,-73.99009296,E 17 St & Broadway
498,Broadway & W 32 St,30,40.74854862,-73.98808416,Broadway & W 32 St
499,Broadway & W 60 St,36,40.76915505,-73.98191841,Broadway & W 60 St
500,Broadway & W 51 St,40,40.76228826,-73.98336183,Broadway & W 51 St
501,FDR Drive & E 35 St,43,40.744219,-73.97121214,FDR Drive & E 35 St
502,Henry St & Grand St,30,40.714215,-73.981346,Henry St & Grand St
503,E 20 St & Park Ave,29,40.73827428,-73.98751968,E 20 St & Park Ave
504,1 Ave & E 15 St,45,40.73221853,-73.98165557,1 Ave & E 15 St
505,6 Ave & W 33 St,36,40.74901271,-73.98848395,6 Ave & W 33 St
507,E 25 St & 2 Ave,47,40.73912601,-73.97973776,E 25 St & 2 Ave
508,W 46 St & 11 Ave,24,40.76341379,-73.99667444,W 46 St & 11 Ave
509,9 Ave & W 22 St,36,40.7454973,-74.00197139,9 Ave & W 22 St
510,W 51 St & 6 Ave,51,40.7606597,-73.98042047,W 51 St & 6 Ave
511,E 14 St & Avenue B,33,40.72938685,-73.97772429,E 14 St & Avenue B
513,W 56 St & 10 Ave,27,40.768254,-73.988639,W 56 St & 10 Ave
514,12 Ave & W 40 St,53,40.76087502,-74.00277668,12 Ave & W 40 St
515,W 43 St & 10 Ave,35,40.76009437,-73.99461843,W 43 St & 10 Ave
516,E 47 St & 1 Ave,31,40.75206862,-73.96784384,E 47 St & 1 Ave
517,Pershing Square South,59,40.751581,-73.97791,Pershing Square South
518,E 39 St & 2 Ave,39,40.74780373,-73.9734419,E 39 St & 2 Ave
519,Pershing Square North,61,40.751873,-73.977706,Pershing Square North
520,W 52 St & 5 Ave,39,40.75992262,-73.97648516,W 52 St & 5 Ave
522,E 51 St & Lexington Ave,51,40.75714758,-73.97207836,E 51 St & Lexington Ave
523,W 38 St & 8 Ave,51,40.75466591,-73.99138152,W 38 St & 8 Ave
524,W 43 St & 6 Ave,57,40.75527307,-73.98316936,W 43 St & 6 Ave
525,W 34 St & 11 Ave,39,40.75594159,-74.0021163,W 34 St & 11 Ave
526,E 33 St & 5 Ave,39,40.74765947,-73.98490707,E 33 St & 5 Ave
527,E 33 St & 2 Ave,59,40.744023,-73.976056,E 33 St & 2 Ave
528,2 Ave & E 31 St,39,40.74290902,-73.97706058,2 Ave & E 31 St
529,W 42 St & 8 Ave,41,40.7575699,-73.99098507,W 42 St & 8 Ave
530,11 Ave & W 59 St,36,40.771522,-73.990541,11 Ave & W 59 St
531,Forsyth St & Broome St,39,40.71893904,-73.99266288,Forsyth St & Broome St
532,S 5 Pl & S 4 St,43,40.710451,-73.960876,S 5 Pl & S 4 St
533,Broadway & W 39 St,50,40.75299641,-73.98721619,Broadway & W 39 St
534,Water - Whitehall Plaza,31,40.70255065,-74.0127234,Water - Whitehall Plaza
536,1 Ave & E 30 St,29,40.74144387,-73.97536082,1 Ave & E 30 St
537,Lexington Ave & E 24 St,39,40.74025878,-73.98409214,Lexington Ave & E 24 St
539,Metropolitan Ave & Bedford Ave,31,40.71534825,-73.96024116,Metropolitan Ave & Bedford Ave
540,Lexington Ave & E 29 St,30,40.74311555376486,-73.98215353488922,Lexington Ave & E 29 St
545,E 23 St & 1 Ave,27,40.736502,-73.97809472,E 23 St & 1 Ave
546,E 30 St & Park Ave S,38,40.74444921,-73.98303529,E 30 St & Park Ave S
2000,Front St & Washington St,30,40.70255088,-73.98940236,Front St & Washington St
2001,Sands St & Navy St,15,40.699773,-73.979927,Sands St & Navy St
2002,Wythe Ave & Metropolitan Ave,27,40.716887,-73.963198,Wythe Ave & Metropolitan Ave
2003,1 Ave & E 18 St,39,40.733812191966315,-73.98054420948029,1 Ave & E 18 St
2004,6 Ave & Broome St,36,40.724399,-74.004704,6 Ave & Broome St
2005,Railroad Ave & Kay Ave,12,40.70531194,-73.97100056,Railroad Ave & Kay Ave
2006,Central Park S & 6 Ave,49,40.76590936,-73.97634151,Central Park S & 6 Ave
2008,Little West St & 1 Pl,24,40.70569254,-74.01677685,Little West St & 1 Pl
2009,Catherine St & Monroe St,35,40.71117444,-73.99682619,Catherine St & Monroe St
2010,Grand St & Greene St,39,40.72165481,-74.00234737,Grand St & Greene St
2012,E 27 St & 1 Ave,36,40.739445,-73.976806,E 27 St & 1 Ave
2017,E 43 St & 2 Ave,39,40.75022392,-73.97121414,E 43 St & 2 Ave
2021,W 45 St & 8 Ave,43,40.75929124,-73.98859651,W 45 St & 8 Ave
2022,E 60 St & York Ave,33,40.759107,-73.959223,E 60 St & York Ave
2023,E 55 St & Lexington Ave,36,40.75968085,-73.97031366,E 55 St & Lexington Ave
3002,South End Ave & Liberty St,25,40.711512,-74.015756,South End Ave & Liberty St
3016,Kent Ave & N 7 St,47,40.72036775298455,-73.96165072917938,Kent Ave & N 7 St
3041,Kingston Ave & Herkimer St,24,40.67890679,-73.94142771,Kingston Ave & Herkimer St
3042,Fulton St & Utica Ave,19,40.6794268,-73.9298911,Fulton St & Utica Ave
3043,Lewis Ave & Decatur St,19,40.6814598,-73.934903,Lewis Ave & Decatur St
3044,Albany Ave & Fulton St,27,40.6800105,-73.938475,Albany Ave & Fulton St
3046,Marcus Garvey Blvd & Macon St,19,40.682601,-73.938037,Marcus Garvey Blvd & Macon St
3047,Halsey St & Tompkins Ave,21,40.6823687,-73.944118,Halsey St & Tompkins Ave
3048,Putnam Ave & Nostrand Ave,19,40.68402,-73.94977,Putnam Ave & Nostrand Ave
3049,Cambridge Pl & Gates Ave,18,40.68488,-73.96304,Cambridge Pl & Gates Ave
3050,Putnam Ave & Throop Ave,21,40.6851532,-73.94111,Putnam Ave & Throop Ave
3052,Lewis Ave & Madison St,23,40.686312,-73.935775,Lewis Ave & Madison St
3053,Marcy Ave & Lafayette Ave,23,40.6900815,-73.947915,Marcy Ave & Lafayette Ave
3054,Greene Ave & Throop Ave,19,40.6894932,-73.942061,Greene Ave & Throop Ave
3055,Greene Ave & Nostrand Ave,23,40.6883337,-73.950916,Greene Ave & Nostrand Ave
3056,Kosciuszko St & Nostrand Ave,23,40.69072549,-73.95133465,Kosciuszko St & Nostrand Ave
3057,Kosciuszko St & Tompkins Ave,18,40.69128258,-73.9452416,Kosciuszko St & Tompkins Ave
3058,Lewis Ave & Kosciuszko St,24,40.69237074,-73.93705428,Lewis Ave & Kosciuszko St
3059,Pulaski St & Marcus Garvey Blvd,19,40.6933982,-73.939877,Pulaski St & Marcus Garvey Blvd
3060,Willoughby Ave & Tompkins Ave,19,40.69425403,-73.94626915,Willoughby Ave & Tompkins Ave
3061,Throop Ave & Myrtle Ave,21,40.69622937,-73.94371094,Throop Ave & Myrtle Ave
3062,Myrtle Ave & Marcy Ave,23,40.69539817,-73.94954908,Myrtle Ave & Marcy Ave
3063,Nostrand Ave & Myrtle Ave,20,40.69527008,-73.95238108,Nostrand Ave & Myrtle Ave
3064,Myrtle Ave & Lewis Ave,23,40.69681963,-73.93756926,Myrtle Ave & Lewis Ave
3065,Union Ave & Wallabout St,27,40.70029511,-73.95032283,Union Ave & Wallabout St
3066,Tompkins Ave & Hopkins St,19,40.69957608,-73.94708417,Tompkins Ave & Hopkins St
3067,Broadway & Whipple St,27,40.7016657,-73.9437303,Broadway & Whipple St
3068,Humboldt St & Varet St,24,40.7031724,-73.940636,Humboldt St & Varet St
3069,Lorimer St & Broadway,25,40.70411791,-73.94818595,Lorimer St & Broadway
3070,McKibbin St & Manhattan Ave,23,40.70510918,-73.94407279,McKibbin St & Manhattan Ave
3071,Boerum St & Broadway,19,40.70538077,-73.94976519,Boerum St & Broadway
3072,Leonard St & Boerum St,24,40.70583339,-73.94644578,Leonard St & Boerum St
3073,Division Ave & Hooper St,27,40.70691254,-73.95441667,Division Ave & Hooper St
3074,Montrose Ave & Bushwick Ave,31,40.70767788,-73.94016171,Montrose Ave & Bushwick Ave
3075,Division Ave & Marcy Ave,33,40.70708701,-73.95796783,Division Ave & Marcy Ave
3076,Scholes St & Manhattan Ave,24,40.70870368,-73.9448625,Scholes St & Manhattan Ave
3077,Stagg St & Union Ave,33,40.70877084,-73.95095259,Stagg St & Union Ave
3078,Broadway & Roebling St,27,40.70925562,-73.95982218,Broadway & Roebling St
3079,Leonard St & Grand St,24,40.71103537,-73.94714303,Leonard St & Grand St
3080,S 4 St & Rodney St,21,40.70934,-73.95608,S 4 St & Rodney St
3081,Graham Ave & Grand St,23,40.711863,-73.944024,Graham Ave & Grand St
3082,Hope St & Union Ave,25,40.71167351,-73.95141312,Hope St & Union Ave
3083,Bushwick Ave & Powers St,30,40.71247661,-73.94100005,Bushwick Ave & Powers St
3084,Devoe St & Leonard St,19,40.71348658,-73.94792458,Devoe St & Leonard St
3085,Roebling St & N 4 St,25,40.71469,-73.95739,Roebling St & N 4 St
3086,Graham Ave & Conselyea St,25,40.715143,-73.944507,Graham Ave & Conselyea St
3087,Metropolitan Ave & Meeker Ave,36,40.71413311,-73.95234386,Metropolitan Ave & Meeker Ave
3088,Union Ave & Jackson St,19,40.7160751,-73.952029,Union Ave & Jackson St
3089,Leonard St & Meeker Ave,21,40.717318403855785,-73.94820213317871,Leonard St & Meeker Ave
3090,N 8 St & Driggs Ave,30,40.71774592,-73.95600096,N 8 St & Driggs Ave
3091,Frost St & Meeker St,31,40.71764,-73.94882,Frost St & Meeker St
3092,Berry St & N 8 St,27,40.7190095,-73.95852515,Berry St & N 8 St
3093,N 6 St & Bedford Ave,28,40.71745169,-73.95850939,N 6 St & Bedford Ave
3094,Graham Ave & Withers St,18,40.7169811,-73.94485918,Graham Ave & Withers St
3095,Graham Ave & Herbert St,23,40.71929301,-73.94500379,Graham Ave & Herbert St
3096,Union Ave & N 12 St,39,40.71924,-73.95242,Union Ave & N 12 St
3098,Leonard St & Bayard St,43,40.71928,-73.94861,Leonard St & Bayard St
3099,Leonard St & Manhattan Ave,19,40.72152240339303,-73.94898265600203,Leonard St & Manhattan Ave
3100,Nassau Ave & Newell St,39,40.724812564400175,-73.94752621650696,Nassau Ave & Newell St
3101,N 12 St & Bedford Ave,27,40.72079821,-73.95484712,N 12 St & Bedford Ave
3102,Driggs Ave & Lorimer St,27,40.72179134,-73.9504154,Driggs Ave & Lorimer St
3103,N 11 St & Wythe Ave,27,40.72153267,-73.95782357,N 11 St & Wythe Ave
3105,N 15 St & Wythe Ave,24,40.724055,-73.955736,N 15 St & Wythe Ave
3106,Driggs Ave & N Henry St,19,40.72325,-73.94308,Driggs Ave & N Henry St
3107,Bedford Ave & Nassau Ave,39,40.72311651,-73.95212324,Bedford Ave & Nassau Ave
3108,Nassau Ave & Russell St,24,40.72557,-73.94434,Nassau Ave & Russell St
3109,Banker St & Meserole Ave,31,40.72606,-73.95621,Banker St & Meserole Ave
3110,Meserole Ave & Manhattan Ave,27,40.72708584,-73.95299117,Meserole Ave & Manhattan Ave
3111,Norman Ave & Leonard St,25,40.7258483,-73.95064893,Norman Ave & Leonard St
3112,Milton St & Franklin St,33,40.72906,-73.95779,Milton St & Franklin St
3113,Greenpoint Ave & Manhattan Ave,27,40.73026,-73.95394,Greenpoint Ave & Manhattan Ave
3114,India St & East River,23,40.73165141,-73.96161892,India St & East River
3115,India St & Manhattan Ave,34,40.73232194,-73.9550858,India St & Manhattan Ave
3116,Huron St & Franklin St,35,40.73266,-73.95826,Huron St & Franklin St
3117,Franklin St & Dupont St,27,40.73564,-73.95866,Franklin St & Dupont St
3118,McGuinness Blvd & Eagle St,30,40.73555,-73.95284,McGuinness Blvd & Eagle St
3119,Vernon Blvd & 50 Ave,45,40.74232744,-73.95411749,Vernon Blvd & 50 Ave
3120,Center Blvd & Borden Ave,20,40.74161,-73.96044,Center Blvd & Borden Ave
3121,Jackson Ave & 46 Rd,27,40.74524768,-73.94733276,Jackson Ave & 46 Rd
3122,48 Ave & 5 St,31,40.744363287066875,-73.9558732509613,48 Ave & 5 St
3123,31 St & Thomson Ave,27,40.74469738,-73.93540375,31 St & Thomson Ave
3124,46 Ave & 5 St,27,40.74731,-73.95451,46 Ave & 5 St
3125,45 Rd & 11 St,23,40.74708586,-73.94977234,45 Rd & 11 St
3126,44 Dr & Jackson Ave,34,40.74718234,-73.9432635,44 Dr & Jackson Ave
3127,9 St & 44 Rd,35,40.74966,-73.9521,9 St & 44 Rd
3128,21 St & 43 Ave,23,40.75052534,-73.94594845,21 St & 43 Ave
3129,Queens Plaza North & Crescent St,31,40.75110165,-73.94073717,Queens Plaza North & Crescent St
3131,E 68 St & 3 Ave,31,40.76712840349542,-73.96224617958069,E 68 St & 3 Ave
3132,E 59 St & Madison Ave,35,40.76350532,-73.97109243,E 59 St & Madison Ave
3134,3 Ave & E 62 St,51,40.76312584,-73.96526895,3 Ave & E 62 St
3135,E 75 St & 3 Ave,41,40.77112927,-73.95772297,E 75 St & 3 Ave
3136,5 Ave & E 63 St,47,40.76650452,-73.97147595,5 Ave & E 63 St
3137,5 Ave & E 73 St,31,40.77282817,-73.96685276,5 Ave & E 73 St
3138,E 77 St & Park Ave,47,40.774405455003,-73.96175265312193,E 77 St & Park Ave
3139,E 72 St & Park Ave,43,40.77118287540658,-73.96409422159195,E 72 St & Park Ave
3140,1 Ave & E 78 St,55,40.77140426,-73.9535166,1 Ave & E 78 St
3141,1 Ave & E 68 St,59,40.76500525,-73.95818491,1 Ave & E 68 St
3142,1 Ave & E 62 St,59,40.7612274,-73.96094022,1 Ave & E 62 St
3143,5 Ave & E 78 St,47,40.77682863439968,-73.96388769149779,5 Ave & E 78 St
3144,E 81 St & Park Ave,46,40.77677702,-73.9590097,E 81 St & Park Ave
3145,E 84 St & Park Ave,59,40.77862688,-73.95772073,E 84 St & Park Ave
3146,E 81 St & 3 Ave,47,40.77573034,-73.9567526,E 81 St & 3 Ave
3147,E 85 St & 3 Ave,39,40.77801203,-73.95407149,E 85 St & 3 Ave
3148,E 84 St & 1 Ave,31,40.77565541,-73.95068615,E 84 St & 1 Ave
3150,E 85 St & York Ave,55,40.77536905,-73.94803392,E 85 St & York Ave
3151,E 81 St & York Ave,43,40.7728384,-73.94989233,E 81 St & York Ave
3153,E 71 St & 2 Ave,37,40.76817546742245,-73.95910263061523,E 71 St & 2 Ave
3154,E 77 St & 3 Ave,31,40.77314236,-73.95856158,E 77 St & 3 Ave
3155,Lexington Ave & E 63 St,39,40.76440023,-73.96648977,Lexington Ave & E 63 St
3156,E 72 St & York Ave,39,40.76663814,-73.95348296,E 72 St & York Ave
3157,East End Ave & E 86 St,47,40.77518615,-73.94446054,East End Ave & E 86 St
3158,W 63 St & Broadway,31,40.77163851,-73.98261428,W 63 St & Broadway
3159,W 67 St & Broadway,31,40.77492513,-73.98266566,W 67 St & Broadway
3160,Central Park West & W 76 St,39,40.77896784,-73.97374737,Central Park West & W 76 St
3161,W 76 St & Columbus Ave,59,40.7801839724239,-73.97728532552719,W 76 St & Columbus Ave
3162,W 78 St & Broadway,39,40.78339981,-73.98093133,W 78 St & Broadway
3163,Central Park West & W 68 St,43,40.7734066,-73.97782542,Central Park West & W 68 St
3164,Columbus Ave & W 72 St,67,40.7770575,-73.97898475,Columbus Ave & W 72 St
3165,Central Park West & W 72 St,51,40.77579376683666,-73.9762057363987,Central Park West & W 72 St
3166,Riverside Dr & W 72 St,41,40.78057799010334,-73.98562431335449,Riverside Dr & W 72 St
3167,Amsterdam Ave & W 73 St,55,40.77966809007312,-73.98093044757842,Amsterdam Ave & W 73 St
3168,Central Park West & W 85 St,31,40.78472675,-73.96961715,Central Park West & W 85 St
3169,Riverside Dr & W 82 St,59,40.78720869,-73.98128127,Riverside Dr & W 82 St
3170,W 84 St & Columbus Ave,35,40.78499979,-73.97283406,W 84 St & Columbus Ave
3171,Amsterdam Ave & W 82 St,39,40.78524672,-73.97667321,Amsterdam Ave & W 82 St
3172,W 74 St & Columbus Ave,27,40.7785669,-73.97754961,W 74 St & Columbus Ave
3173,Riverside Blvd & W 67 St,63,40.777507027547976,-73.98888587951659,Riverside Blvd & W 67 St
3175,W 70 St & Amsterdam Ave,31,40.77748046,-73.98288594,W 70 St & Amsterdam Ave
3176,W 64 St & West End Ave,43,40.77452835,-73.98753759,W 64 St & West End Ave
3177,W 84 St & Broadway,63,40.7867947,-73.977112,W 84 St & Broadway
3178,Riverside Dr & W 78 St,59,40.78414472,-73.98362492,Riverside Dr & W 78 St
3179,Park Ave & Marcus Garvey Blvd,23,40.698617,-73.941342,Park Ave & Marcus Garvey Blvd
3180,Brooklyn Bridge Park - Pier 2,31,40.69878,-73.99712,Brooklyn Bridge Park - Pier 2
3182,Yankee Ferry Terminal,42,40.686931,-74.016966,Yankee Ferry Terminal
3183,Exchange Place,30,40.7162469,-74.0334588,Exchange Place
3184,Paulus Hook,14,40.7141454,-74.0335519,Paulus Hook
3185,City Hall,22,40.7177325,-74.043845,City Hall
3186,Grove St PATH,22,40.7192789,-74.0424515,Grove St PATH
3187,Warren St,22,40.7211236,-74.03805095,Warren St
3188,NJCU,18,40.7101087,-74.0858489,NJCU
3189,West Side Light Rail,14,40.714402,-74.0887723,West Side Light Rail
3190,Garfield Ave Light Rail,18,40.7108044,-74.0714882,Garfield Ave Light Rail
3191,Union St,18,40.7182113,-74.0836394,Union St
3192,Liberty Light Rail,22,40.7112423,-74.0557013,Liberty Light Rail
3193,Lincoln Park,18,40.7244188,-74.0780383,Lincoln Park
3194,McGinley Square,14,40.7256033,-74.06763,McGinley Square
3195,Sip Ave,34,40.7309459,-74.0638906,Sip Ave
3196,Riverview Park,18,40.7443187,-74.0439909,Riverview Park
3197,North St,18,40.752559,-74.044725,North St
3198,Heights Elevator,18,40.7485362,-74.0403131,Heights Elevator
3199,Newport Pkwy,14,40.7287448,-74.0321082,Newport Pkwy
3200,MLK Light Rail,18,40.7111305,-74.0788855,MLK Light Rail
3201,Dey St,18,40.737711,-74.066921,Dey St
3202,Newport PATH,18,40.7272235,-74.0337589,Newport PATH
3203,Hamilton Park,26,40.727595966,-74.044247311,Hamilton Park
3205,JC Medical Center,22,40.7165271,-74.049425,JC Medical Center
3206,Hilltop,26,40.7311689,-74.0575736,Hilltop
3207,Oakland Ave,14,40.7376037,-74.0524783,Oakland Ave
3209,Brunswick St,18,40.7241765,-74.0506564,Brunswick St
3210,Pershing Field,18,40.742677141,-74.051788633,Pershing Field
3211,Newark Ave,21,40.72152515,-74.046304543,Newark Ave
3212,Christ Hospital,22,40.734785818,-74.050443636,Christ Hospital
3213,Van Vorst Park,22,40.71848892,-74.047726625,Van Vorst Park
3214,Essex Light Rail,22,40.7127742,-74.0364857,Essex Light Rail
3215,Central Ave,18,40.7467299,-74.0492509,Central Ave
3216,Columbia Park,18,40.6970299,-74.0969366,Columbia Park
3217,Bayside Park,18,40.698650544,-74.082079678,Bayside Park
3220,5 Corners Library,18,40.734961020009514,-74.0595030784607,5 Corners Library
3221,47 Ave & 31 St,27,40.743,-73.93561,47 Ave & 31 St
3222,Hanson Pl & St Felix St,39,40.685159599891776,-73.97711366415024,Hanson Pl & St Felix St
3223,E 55 St & 3 Ave,55,40.758996559605116,-73.96865397691727,E 55 St & 3 Ave
3224,W 13 St & Hudson St,39,40.73997354103409,-74.00513872504234,W 13 St & Hudson St
3225,Baldwin at Montgomery,14,40.7236589,-74.0641943,Baldwin at Montgomery
3226,W 82 St & Central Park West,45,40.78275,-73.97137,W 82 St & Central Park West
3230,Penn Station Valet,7,40.751283596962296,-73.99692445993422,Penn Station Valet
3231,E 67 St & Park Ave,59,40.76780080148132,-73.96592080593109,E 67 St & Park Ave
3232,Bond St & Fulton St,31,40.68962188790333,-73.98304268717766,Bond St & Fulton St
3233,E 48 St & 5 Ave,39,40.75724567911726,-73.97805914282799,E 48 St & 5 Ave
3235,E 41 St & Madison Ave,31,40.752165280621966,-73.97992193698882,E 41 St & Madison Ave
3236,W 42 St & Dyer Ave,33,40.75898481399634,-73.99379968643188,W 42 St & Dyer Ave
3237,21 St & 41 Ave,25,40.75383343437622,-73.94267678260802,21 St & 41 Ave
3238,E 80 St & 2 Ave,37,40.77391390238118,-73.9543953537941,E 80 St & 2 Ave
3241,Monroe St & Tompkins Ave,19,40.686203,-73.944694,Monroe St & Tompkins Ave
3242,Schermerhorn St & Court St,39,40.69102925677968,-73.99183362722397,Schermerhorn St & Court St
3243,E 58 St & 1 Ave,29,40.75892386377695,-73.96226227283478,E 58 St & 1 Ave
3244,University Pl & E 8 St,31,40.73143724085228,-73.99490341544151,University Pl & E 8 St
3246,Montague St & Clinton St,39,40.694281141397326,-73.99230033159256,Montague St & Clinton St
3248,LPI Facility,0,0,0,LPI Facility
3249,Verona Pl & Fulton St,15,40.6803560840434,-73.9476791024208,Verona Pl & Fulton St
3254,Soissons Landing,29,40.69231660719192,-74.01486575603485,Soissons Landing
3255,8 Ave & W 31 St,43,40.7505853470215,-73.9946848154068,8 Ave & W 31 St